胄몾,Date,Year,Month,Day,Week,WeekNum,Sample,천,천쐕첇,턄좭瓚,촻쐑쏳쐑(mm),촻쐑쏳쐑,찜천,찜큊,찜천(첲쥂),찜큊(첲쥂),찜쩠(첲쥂),썁턄쏰,썁턄쏰(첲쥂),췾쎀쏰,췾쎀쏰(첲쥂),쩠턅쏰,찘쟨쩠
좾찟炷,2017-09-12,2017,9,12,턄,37,1 ,,32.5 ,39.0 ,13.40 ,1.340 ,47.0 ,54.0 ,47.0 ,45.0 ,17 ,,2.00 ,,1.00 ,,4 
좾찟炷,2017-09-12,2017,9,12,턄,37,2 ,,33.0 ,42.0 ,13.23 ,1.323 ,48.0 ,53.0 ,54.0 ,40.0 ,16 ,,1.33 ,,1.00 ,,4 
좾찟炷,2017-09-12,2017,9,12,턄,37,3 ,,34.5 ,40.0 ,15.99 ,1.599 ,40.0 ,42.0 ,51.0 ,54.0 ,14 ,,1.60 ,,1.00 ,,5 
좾찟炷,2017-09-12,2017,9,12,턄,37,4 ,,33.5 ,44.0 ,14.38 ,1.438 ,56.0 ,51.0 ,47.0 ,50.0 ,13 ,,1.40 ,,1.00 ,,4 
좾찟炷,2017-09-19,2017,9,19,턄,38,1 ,,29.0 ,38.0 ,15.46 ,1.546 ,49.0 ,55.0 ,52.0 ,53.0 ,16 ,,4.00 ,,2.00 ,,8 
좾찟炷,2017-09-19,2017,9,19,턄,38,2 ,,30.0 ,50.0 ,14.93 ,1.493 ,50.0 ,22.0 ,48.0 ,50.0 ,15 ,,3.67 ,,1.50 ,,6 
좾찟炷,2017-09-19,2017,9,19,턄,38,3 ,,30.0 ,35.0 ,12.30 ,1.230 ,51.0 ,48.0 ,53.0 ,49.0 ,13 ,,2.67 ,,1.75 ,,8 
좾찟炷,2017-09-19,2017,9,19,턄,38,4 ,,34.0 ,30.0 ,14.08 ,1.408 ,49.0 ,52.0 ,50.0 ,49.0 ,14 ,,2.33 ,,2.00 ,,7 
좾찟炷,2017-09-26,2017,9,26,턄,39,1 ,,33.0 ,29.0 ,1.5,0.15,10.0 ,41.0 ,43.0 ,40.0 ,14,,3.60 ,,2.00 ,,12
좾찟炷,2017-09-26,2017,9,26,턄,39,2 ,,29.5 ,28.0 ,17.31,1.731,50.0 ,58.0 ,51.0 ,53.0 ,15,,2.42 ,,2.00 ,,8
좾찟炷,2017-09-26,2017,9,26,턄,39,3 ,,31.0 ,8.0 ,9.73,0.973,50.0 ,45.0 ,46.0 ,46.0 ,14,,3.75 ,,3.00 ,,9
좾찟炷,2017-09-26,2017,9,26,턄,39,4 ,,30.0 ,27.0 ,14.18,1.418,53.0 ,55.0 ,52.0 ,53.0 ,18,,3.16 ,,3.00 ,,10
좾찟炷,2017-10-02,2017,10,2,,40,1 ,,35.1 ,42.0 ,14.36 ,1.436 ,53.0 ,56.0 ,45.0 ,47.0 ,19 ,,4.33 ,,3.00 ,,12 
좾찟炷,2017-10-02,2017,10,2,,40,2 ,,32.3 ,38.0 ,13.24 ,1.324 ,52.0 ,54.0 ,48.0 ,46.0 ,18 ,,3.50 ,,2.50 ,,8 
좾찟炷,2017-10-02,2017,10,2,,40,3 ,,30.4 ,35.0 ,13.44 ,1.344 ,48.0 ,46.0 ,45.0 ,43.0 ,16 ,,3.40 ,,3.00 ,,12 
좾찟炷,2017-10-02,2017,10,2,,40,4 ,,26.4 ,29.0 ,14.65 ,1.465 ,44.0 ,41.0 ,43.0 ,44.0 ,18 ,,3.67 ,,2.75 ,,10 
좾찟炷,2017-10-09,2017,10,9,,41,1 ,,23.0 ,5.5 ,8.21 ,0.821 ,42.0 ,40.0 ,41.0 ,42.0 ,14 ,,6.00 ,,3.25 ,,15 
좾찟炷,2017-10-09,2017,10,9,,41,2 ,,28.0 ,8.0 ,13.00 ,1.300 ,52.0 ,55.0 ,50.0 ,54.0 ,14 ,,4.67 ,,3.50 ,,10 
좾찟炷,2017-10-09,2017,10,9,,41,3 ,,25.0 ,14.0 ,11.00 ,1.100 ,48.0 ,47.0 ,47.0 ,46.0 ,11 ,,4.83 ,,3.75 ,,15 
좾찟炷,2017-10-09,2017,10,9,,41,4 ,,27.5 ,7.0 ,11.46 ,1.146 ,52.0 ,51.0 ,50.0 ,54.0 ,18 ,,5.00 ,,4.00 ,,14 
좾찟炷,2017-10-15,2017,10,15,첊,42,1 ,,13.0 ,4.0 ,8.74 ,0.874 ,37.0 ,29.0 ,39.0 ,25.0 ,13 ,,6.75 ,,5.75 ,,21 
좾찟炷,2017-10-15,2017,10,15,첊,42,2 ,,23.0 ,8.5 ,11.62 ,1.162 ,51.0 ,47.0 ,48.0 ,43.0 ,13 ,,5.25 ,,4.75 ,,13 
좾찟炷,2017-10-15,2017,10,15,첊,42,3 ,,13.5 ,10.0 ,8.86 ,0.886 ,42.0 ,39.0 ,44.0 ,40.0 ,12 ,,5.25 ,,4.50 ,,14 
좾찟炷,2017-10-15,2017,10,15,첊,42,4 ,,20.0 ,19.0 ,11.50 ,1.150 ,51.0 ,49.0 ,54.0 ,45.0 ,13 ,,6.00 ,,5.00 ,,16 
좾찟炷,2017-10-23,2017,10,23,,43,1 ,,15.0 ,16.0 ,8.90 ,0.890 ,38.0 ,35.0 ,42.0 ,39.0 ,12 ,,7.00 ,,6.33 ,,18 
좾찟炷,2017-10-23,2017,10,23,,43,2 ,,24.0 ,3.0 ,13.29 ,1.329 ,52.0 ,49.0 ,52.0 ,51.0 ,13 ,,6.00 ,,5.00 ,,12 
좾찟炷,2017-10-23,2017,10,23,,43,3 ,,14.0 ,5.0 ,8.00 ,0.800 ,43.0 ,45.0 ,45.0 ,52.0 ,9 ,,6.00 ,,5.00 ,,15 
좾찟炷,2017-10-23,2017,10,23,,43,4 ,,17.5 ,11.0 ,8.85 ,0.885 ,53.0 ,50.0 ,53.0 ,51.0 ,13 ,,6.50 ,,5.33 ,,13 
좾찟炷,2017-10-30,2017,10,30,,44,1 ,,15.0 ,4.0 ,9.48 ,0.948 ,50.0 ,48.0 ,48.0 ,49.0 ,14 ,,7.17 ,,7.00 ,1.75 ,18 
좾찟炷,2017-10-30,2017,10,30,,44,2 ,,19.0 ,1.0 ,10.41 ,1.041 ,56.0 ,55.0 ,54.0 ,52.0 ,14 ,,6.33 ,,6.00 ,1.50 ,14 
좾찟炷,2017-10-30,2017,10,30,,44,3 ,,17.5 ,1.0 ,9.61 ,0.961 ,49.0 ,48.0 ,45.0 ,47.0 ,13 ,,7.00 ,,5.00 ,1.66 ,11 
좾찟炷,2017-10-30,2017,10,30,,44,4 ,,18.0 ,3.0 ,12.04 ,1.204 ,55.0 ,54.0 ,54.0 ,56.0 ,16 ,,7.00 ,,6.00 ,2.00 ,15 
좾찟炷,2017-11-07,2017,11,7,턄,45,1 ,,21.0 ,2.0 ,10.32 ,1.032 ,40.0 ,40.0 ,42.0 ,40.0 ,11 ,,8.33 ,,6.00 ,1.33 ,16 
좾찟炷,2017-11-07,2017,11,7,턄,45,2 ,,20.0 ,8.0 ,13.14 ,1.314 ,51.0 ,50.0 ,57.0 ,49.0 ,12 ,,7.00 ,,6.33 ,1.00 ,13 
좾찟炷,2017-11-07,2017,11,7,턄,45,3 ,,23.0 ,7.5 ,10.32 ,1.032 ,40.0 ,38.0 ,39.0 ,32.0 ,11 ,,7.20 ,,7.00 ,1.66 ,11 
좾찟炷,2017-11-07,2017,11,7,턄,45,4 ,,19.0 ,2.0 ,10.91 ,1.091 ,44.0 ,42.0 ,40.0 ,41.0 ,11 ,,7.25 ,,7.00 ,1.66 ,19 
좾찟炷,2017-11-14,2017,11,14,턄,46,1 ,,20.0 ,5.0 ,11.22 ,1.122 ,42.0 ,38.0 ,45.0 ,42.0 ,11 ,,8.33 ,,6.00 ,2.00 ,16 
좾찟炷,2017-11-14,2017,11,14,턄,46,2 ,,18.0 ,6.0 ,12.54 ,1.254 ,45.0 ,48.0 ,55.0 ,48.0 ,12 ,,7.00 ,,6.33 ,1.66 ,13 
좾찟炷,2017-11-14,2017,11,14,턄,46,3 ,,21.0 ,6.5 ,10.55 ,1.055 ,44.0 ,40.0 ,42.0 ,33.0 ,11 ,,7.20 ,,7.00 ,2.00 ,11 
좾찟炷,2017-11-14,2017,11,14,턄,46,4 ,,20.0 ,3.0 ,10.22 ,1.022 ,43.0 ,39.0 ,43.0 ,38.0 ,11 ,,7.25 ,,7.00 ,2.00 ,19 
좾찟炷,2017-11-21,2017,11,21,턄,47,1 ,,22.0 ,11.0 ,12.34 ,1.234 ,43.0 ,37.0 ,40.0 ,31.0 ,14 ,,9.33 ,,8.33 ,3.67 ,14 
좾찟炷,2017-11-21,2017,11,21,턄,47,2 ,,27.0 ,3.0 ,11.94 ,1.194 ,44.0 ,40.0 ,48.0 ,40.0 ,12 ,,8.67 ,,8.00 ,3.33 ,14 
좾찟炷,2017-11-21,2017,11,21,턄,47,3 ,,23.0 ,2.0 ,13.10 ,1.310 ,43.0 ,40.0 ,41.0 ,37.0 ,14 ,,8.00 ,,7.00 ,3.00 ,10 
좾찟炷,2017-11-21,2017,11,21,턄,47,4 ,,21.0 ,2.0 ,9.91 ,0.991 ,41.0 ,42.0 ,42.0 ,40.0 ,13 ,,9.00 ,,7.00 ,2.67 ,10 
좾찟炷,2017-11-27,2017,11,28,,48,1 ,,12.5 ,1.0 ,9.24 ,0.924 ,41.0 ,40.0 ,41.0 ,37.0 ,15 ,,10.00 ,,8.67 ,4.00 ,14 
좾찟炷,2017-11-27,2017,11,28,,48,2 ,,14.5 ,6.5 ,10.75 ,1.075 ,48.0 ,19.0 ,34.0 ,25.0 ,14 ,,9.25 ,,8.33 ,4.00 ,13 
좾찟炷,2017-11-27,2017,11,28,,48,3 ,,14.0 ,2.0 ,9.91 ,0.991 ,41.0 ,40.0 ,45.0 ,41.0 ,15 ,,6.80 ,,7.00 ,3.33 ,9 
좾찟炷,2017-11-27,2017,11,28,,48,4 ,,16.0 ,1.0 ,9.61 ,0.961 ,42.0 ,40.0 ,40.0 ,41.0 ,13 ,,10.00 ,,8.33 ,4.00 ,13 
좾찟炷,2017-12-05,2017,12,5,턄,49,1 ,,16.0 ,11.0 ,7.75 ,0.775 ,38.0 ,27.9 ,32.5 ,23.0 ,13 ,,10.33 ,,9.75 ,,16 
좾찟炷,2017-12-05,2017,12,5,턄,49,2 ,,22.3 ,26.3 ,10.97 ,1.097 ,42.0 ,37.9 ,42.5 ,36.2 ,11 ,,9.75 ,,8.75 ,,15 
좾찟炷,2017-12-05,2017,12,5,턄,49,3 ,,22.0 ,21.4 ,10.48 ,1.048 ,50.8 ,42.6 ,42.3 ,32.6 ,12 ,,8.66 ,,7.75 ,,11 
좾찟炷,2017-12-05,2017,12,5,턄,49,4 ,,21.8 ,36.5 ,11.04 ,1.104 ,42.3 ,40.5 ,41.8 ,42.5 ,9 ,,9.33 ,,8.75 ,,15 
좾찟炷,2017-12-12,2017,12,12,턄,50,1 ,,7.0 ,14.0 ,5.05 ,0.505 ,36.0 ,35.0 ,36.0 ,35.0 ,13 ,,11.00 ,,10.00 ,4.33 ,16 
좾찟炷,2017-12-12,2017,12,12,턄,50,2 ,,13.0 ,10.0 ,7.00 ,0.700 ,40.0 ,39.0 ,40.0 ,39.0 ,10 ,,10.00 ,,9.00 ,4.00 ,15 
좾찟炷,2017-12-12,2017,12,12,턄,50,3 ,,16.5 ,10.0 ,11.48 ,1.148 ,40.0 ,42.0 ,40.0 ,42.0 ,14 ,,8.88 ,,7.00 ,4.00 ,10 
좾찟炷,2017-12-12,2017,12,12,턄,50,4 ,,19.5 ,2.0 ,9.02 ,0.902 ,46.0 ,40.0 ,46.0 ,40.0 ,15 ,,11.00 ,,10.00 ,5.00 ,13 
좾찟炷,2017-12-19,2017,12,19,턄,51,1 ,,14.0 ,2.0 ,5.59 ,0.559 ,38.0 ,34.0 ,27.0 ,29.0 ,14 ,,11.33 ,,10.50 ,4.66 ,16 
좾찟炷,2017-12-19,2017,12,19,턄,51,2 ,,17.0 ,4.0 ,7.53 ,0.753 ,41.0 ,42.0 ,34.0 ,37.0 ,12 ,,10.33 ,,10.00 ,4.66 ,15 
좾찟炷,2017-12-19,2017,12,19,턄,51,3 ,,19.0 ,6.0 ,11.32 ,1.132 ,39.0 ,40.0 ,30.0 ,32.0 ,14 ,,10.00 ,,7.66 ,4.33 ,11 
좾찟炷,2017-12-19,2017,12,19,턄,51,4 ,,18.5 ,5.0 ,9.34 ,0.934 ,48.0 ,45.0 ,31.0 ,33.0 ,14 ,,11.50 ,,11.00 ,5.33 ,12 
좾찟炷,2017-12-26,2017,12,26,턄,52,1 ,,12.0 ,1.0 ,7.81 ,0.781 ,28.0 ,37.0 ,26.0 ,30.0 ,13 ,,11.00 ,,11.00 ,6.67 ,11 
좾찟炷,2017-12-26,2017,12,26,턄,52,2 ,,18.0 ,2.0 ,7.79 ,0.779 ,40.0 ,42.0 ,36.0 ,33.0 ,12 ,,10.00 ,,10.00 ,5.00 ,14 
좾찟炷,2017-12-26,2017,12,26,턄,52,3 ,,17.0 ,6.0 ,10.26 ,1.260 ,38.0 ,40.0 ,30.0 ,32.0 ,13 ,,10.43 ,,10.00 ,6.67 ,10 
좾찟炷,2017-12-26,2017,12,26,턄,52,4 ,,20.0 ,8.0 ,9.55 ,0.955 ,39.0 ,42.0 ,31.0 ,32.0 ,13 ,,12.00 ,,10.33 ,5.33 ,13 
좾찟炷,2018-01-02,2018,1,2,턄,1,1 ,,13.0 ,5.0 ,6.75 ,0.675 ,28.0 ,30.0 ,29.0 ,27.0 ,12 ,,12.00 ,,11.00 ,7.00 ,9 
좾찟炷,2018-01-02,2018,1,2,턄,1,2 ,,12.5 ,6.0 ,7.22 ,0.722 ,34.0 ,32.0 ,29.0 ,30.0 ,12 ,,11.00 ,,10.00 ,5.33 ,13 
좾찟炷,2018-01-02,2018,1,2,턄,1,3 ,,15.0 ,4.0 ,10.88 ,1.088 ,39.0 ,38.0 ,34.0 ,32.0 ,15 ,,11.00 ,,10.00 ,6.67 ,10 
좾찟炷,2018-01-02,2018,1,2,턄,1,4 ,,14.0 ,5.0 ,9.28 ,0.928 ,32.0 ,39.0 ,30.0 ,34.0 ,14 ,,12.75 ,,10.67 ,5.67 ,15 
좾찟炷,2018-01-09,2018,1,9,턄,2,1 ,,15.0 ,4.0 ,6.99 ,0.699 ,27.0 ,28.0 ,34.0 ,33.0 ,16 ,,12.00 ,,11.33 ,6.00 ,11 
좾찟炷,2018-01-09,2018,1,9,턄,2,2 ,,12.0 ,10.0 ,7.48 ,0.748 ,33.0 ,34.0 ,30.0 ,31.0 ,17 ,,11.00 ,,10.00 ,5.00 ,11 
좾찟炷,2018-01-09,2018,1,9,턄,2,3 ,,16.0 ,11.0 ,11.05 ,1.105 ,42.0 ,39.0 ,35.0 ,34.0 ,17 ,,11.60 ,,10.50 ,5.67 ,14 
좾찟炷,2018-01-09,2018,1,9,턄,2,4 ,,15.0 ,5.0 ,9.46 ,0.946 ,35.0 ,39.0 ,41.0 ,40.0 ,18 ,,13.00 ,,12.00 ,6.33 ,13 
좾찟炷,2018-01-16,2018,1,16,턄,3,1 ,,16.0 ,1.5 ,4.26 ,0.426 ,30.0 ,31.0 ,28.0 ,30.0 ,15 ,,12.50 ,,12.00 ,7.67 ,11 
좾찟炷,2018-01-16,2018,1,16,턄,3,2 ,,15.0 ,2.0 ,7.89 ,0.789 ,33.0 ,35.0 ,31.0 ,30.0 ,16 ,,11.00 ,,10.00 ,6.67 ,9 
좾찟炷,2018-01-16,2018,1,16,턄,3,3 ,,13.5 ,1.0 ,11.11 ,1.111 ,37.0 ,35.0 ,42.0 ,39.0 ,15 ,,12.25 ,,11.00 ,6.00 ,15 
좾찟炷,2018-01-16,2018,1,16,턄,3,4 ,,14.0 ,1.0 ,9.50 ,0.950 ,31.0 ,36.0 ,32.0 ,37.0 ,14 ,,13.20 ,,12.67 ,7.00 ,13 
좾찟炷,2018-01-23,2018,1,23,턄,4,1 ,,17.0 ,5.0 ,8.02 ,0.802 ,34.0 ,36.0 ,27.0 ,20.0 ,18 ,,13.25 ,,12.33 ,7.67 ,11 
좾찟炷,2018-01-23,2018,1,23,턄,4,2 ,,14.0 ,9.0 ,6.53 ,0.653 ,31.0 ,30.0 ,29.0 ,37.0 ,14 ,,11.00 ,,11.00 ,6.67 ,8 
좾찟炷,2018-01-23,2018,1,23,턄,4,3 ,,13.0 ,2.0 ,10.99 ,1.099 ,44.0 ,37.0 ,28.0 ,32.0 ,15 ,,12.60 ,,12.00 ,5.00 ,16 
좾찟炷,2018-01-23,2018,1,23,턄,4,4 ,,14.0 ,6.0 ,9.87 ,0.987 ,35.0 ,36.0 ,31.0 ,30.0 ,16 ,,14.33 ,,13.00 ,7.00 ,13 
좾찟炷,2018-01-30,2018,1,30,턄,5,1 ,,16.0 ,6.0 ,8.22 ,0.822 ,36.0 ,35.0 ,29.0 ,21.0 ,17 ,,14.00 ,,13.00 ,7.00 ,11 
좾찟炷,2018-01-30,2018,1,30,턄,5,2 ,,15.0 ,7.0 ,6.99 ,0.699 ,33.0 ,29.0 ,30.0 ,35.0 ,15 ,,11.50 ,,11.00 ,6.00 ,7 
좾찟炷,2018-01-30,2018,1,30,턄,5,3 ,,15.0 ,4.0 ,11.02 ,1.102 ,42.0 ,39.0 ,30.0 ,31.0 ,15 ,,13.00 ,,12.00 ,6.33 ,15 
좾찟炷,2018-01-30,2018,1,30,턄,5,4 ,,15.0 ,5.0 ,9.80 ,0.980 ,34.0 ,33.0 ,32.0 ,33.0 ,15 ,,15.00 ,,13.33 ,7.33 ,13 
좾찟炷,2018-02-06,2018,2,6,턄,6,1 ,,15.5 ,6.0 ,8.12 ,0.812 ,28.0 ,3.0 ,27.0 ,30.0 ,17 ,,14.60 ,,14.00 ,8.00 ,15 
좾찟炷,2018-02-06,2018,2,6,턄,6,2 ,,18.0 ,15.0 ,10.23 ,1.023 ,37.0 ,38.0 ,32.0 ,37.0 ,16 ,,12.40 ,,12.00 ,7.67 ,8 
좾찟炷,2018-02-06,2018,2,6,턄,6,3 ,,14.0 ,3.0 ,10.14 ,1.014 ,36.0 ,39.0 ,36.0 ,32.0 ,17 ,,13.67 ,,13.00 ,6.33 ,11 
좾찟炷,2018-02-06,2018,2,6,턄,6,4 ,,10.0 ,1.0 ,5.95 ,0.595 ,28.0 ,35.0 ,29.0 ,32.0 ,15 ,,15.00 ,,14.00 ,7.67 ,6 
좾찟炷,2018-02-13,2018,2,13,턄,7,1,,14.0 ,5.0 ,8.34,0.834 ,28.0 ,29.0 ,28.0 ,30.0 ,13 ,,15.00 ,,14.33 ,8.67 ,10
좾찟炷,2018-02-13,2018,2,13,턄,7,2,,15.0 ,6.0 ,9.89,0.989 ,39.0 ,36.0 ,40.0 ,39.0 ,12 ,,13.20 ,,12.33 ,9.33 ,6
좾찟炷,2018-02-13,2018,2,13,턄,7,3,,19.0 ,5.0 ,8.9,0.890 ,38.0 ,40.0 ,37.0 ,34.0 ,13 ,,14.17 ,,13.33 ,7.00 ,15
좾찟炷,2018-02-13,2018,2,13,턄,7,4,,5.0 ,1.0 ,6.38,0.638 ,27.0 ,32.0 ,28.0 ,30.0 ,13 ,,15.00 ,,14.00 ,10.33 ,6
좾찟炷,2018-02-20,2018,2,20,턄,8,1,,16.0 ,6.0 ,9.35,0.935 ,26.0 ,29.0 ,26.0 ,28.0 ,16 ,,15.75 ,,14.67 ,10.00 ,11
좾찟炷,2018-02-20,2018,2,20,턄,8,2,,16.5 ,5.0 ,11.04,1.104 ,42.0 ,40.0 ,46.0 ,49.0 ,13 ,,13.80 ,,13.00 ,10.00 ,6
좾찟炷,2018-02-20,2018,2,20,턄,8,3,,20.0 ,2.0 ,7.17,0.717 ,30.0 ,29.0 ,32.0 ,28.0 ,12 ,,14.83 ,,14.00 ,8.00 ,16
좾찟炷,2018-02-20,2018,2,20,턄,8,4,,5.0 ,1.0 ,5.38,0.538 ,27.0 ,29.0 ,28.0 ,23.0 ,12 ,,16.00 ,,13.00 ,11.00 ,4
좾찟炷,2018-02-27,2018,2,27,턄,9,1,,17.0 ,5.00 ,9.98 ,0.998 ,27.0 ,30.0 ,29.0 ,30.0 ,15 ,,14.20 ,,15.00 ,10.33 ,11
좾찟炷,2018-02-27,2018,2,27,턄,9,2,,18.0 ,6.00 ,11.50 ,1.150 ,40.0 ,41.0 ,45.0 ,48.0 ,14 ,,14.00 ,,13.00 ,10.33 ,6
좾찟炷,2018-02-27,2018,2,27,턄,9,3,,21.0 ,4.00 ,8.08 ,0.808 ,31.0 ,30.0 ,33.0 ,27.0 ,12 ,,15.00 ,,13.00 ,10.33 ,6
좾찟炷,2018-02-27,2018,2,27,턄,9,4,,8.0 ,2.00 ,6.01 ,0.601 ,31.0 ,30.0 ,30.0 ,25.0 ,12 ,,16.00 ,,13.00 ,11.33 ,4
좾찟炷,2018-03-06,2018,3,6,턄,10,1,,18.0 ,3.00 ,7.52 ,0.752 ,30.0 ,26.0 ,30.0 ,23.0 ,13 ,,16.80 ,,16.00 ,11.33 ,12
좾찟炷,2018-03-06,2018,3,6,턄,10,2,,16.0 ,2.00 ,8.93 ,0.893 ,54.0 ,48.0 ,52.0 ,49.0 ,13 ,,15.60 ,,15.00 ,11.66 ,10
좾찟炷,2018-03-06,2018,3,6,턄,10,3,,17.5 ,2.00 ,7.01 ,0.701 ,34.0 ,31.0 ,31.0 ,30.0 ,14 ,,17.00 ,,16.00 ,9.66 ,16
좾찟炷,2018-03-06,2018,3,6,턄,10,4,,18.5 ,4.00 ,8.87 ,0.887 ,30.0 ,27.0 ,29.0 ,25.0 ,13 ,,14.60 ,,14.00 ,11.66 ,4
좾찟炷,2018-03-13,2018,3,13,턄,11,1,,22.0 ,4.0 ,7.97,0.797,30.0 ,29.0 ,23.0 ,20.0 ,14 ,,17.33 ,,17.00 ,11.67 ,12
좾찟炷,2018-03-13,2018,3,13,턄,11,2,,26.0 ,3.0 ,11.67,1.167,40.0 ,36.0 ,38.0 ,25.0 ,12 ,,16.00 ,,15.00 ,12.00 ,13
좾찟炷,2018-03-13,2018,3,13,턄,11,3,,19.5 ,4.0 ,9.51,0.951,36.0 ,33.0 ,24.0 ,20.0 ,15 ,,17.00 ,,16.00 ,10.00 ,14
좾찟炷,2018-03-13,2018,3,13,턄,11,4,,21.0 ,3.0 ,9.01,0.901,33.0 ,30.0 ,40.0 ,39.0 ,18 ,,16.80 ,,16.00 ,12.00 ,4
좾찟炷,2018-03-20,2018,3,20,턄,12,1,,20.0 ,2.0 ,8.11,0.811,31.0 ,30.0 ,25.0 ,26.0 ,12 ,,18.00 ,,17.00 ,12.00 ,11
좾찟炷,2018-03-20,2018,3,20,턄,12,2,,23.0 ,4.0 ,11.12,1.112,41.0 ,37.0 ,40.0 ,27.0 ,12 ,,16.50 ,,15.33 ,12.33 ,13
좾찟炷,2018-03-20,2018,3,20,턄,12,3,,18.0 ,2.0 ,9.88,0.988,38.0 ,35.0 ,24.0 ,22.0 ,13 ,,16.33 ,,17.33 ,10.00 ,15
좾찟炷,2018-03-20,2018,3,20,턄,12,4,,20.5 ,3.0 ,9.52,0.952,42.0 ,39.0 ,41.0 ,38.0 ,12 ,,16.00 ,,16.00 ,12.00 ,4
좾찟炷,2018-03-27,2018,3,27,턄,13,1,,17.0 ,6.0 ,7.79,0.779,25.0 ,28.0 ,25.0 ,27.0 ,15 ,,18.80 ,,17.00 ,12.67 ,9
좾찟炷,2018-03-27,2018,3,27,턄,13,2,,13.0 ,1.0 ,6.35,0.635,36.0 ,29.0 ,35.0 ,26.0 ,14 ,,17.00 ,,16.00 ,12.33 ,14
좾찟炷,2018-03-27,2018,3,27,턄,13,3,,16.0 ,2.0 ,8.19,0.819,35.0 ,30.0 ,25.0 ,24.0 ,15 ,,18.33 ,,17.33 ,11.00 ,16
좾찟炷,2018-03-27,2018,3,27,턄,13,4,,19.0 ,5.0 ,11.5,1.15,43.0 ,34.0 ,27.0 ,23.0 ,15 ,,18.00 ,,16.33 ,15.00 ,8
좾찟炷,2018-04-03,2018,4,3,턄,14,1,,20.0 ,5.0 ,9.5,0.95,29.0 ,28.0 ,25.0 ,20.0 ,20 ,,19.33 ,,19.00 ,14.00 ,10
좾찟炷,2018-04-03,2018,4,3,턄,14,2,,16.0 ,4.0 ,8.55,0.855,39.0 ,30.0 ,30.0 ,20.0 ,19 ,,17.67 ,,16.33 ,12.67 ,15
좾찟炷,2018-04-03,2018,4,3,턄,14,3,,13.0 ,9.0 ,6.16,0.616,31.0 ,22.0 ,28.0 ,22.0 ,18 ,,19.00 ,,18.00 ,12.00 ,15
좾찟炷,2018-04-03,2018,4,3,턄,14,4,,22.0 ,6.0 ,11.05,1.105,37.0 ,20.0 ,21.0 ,16.0 ,19 ,,18.75 ,,18.00 ,15.00 ,9
좾찟炷,2018-04-10,2018,4,10,턄,15,1,,16.0 ,2.0 ,6.3,0.63,30.0 ,28.0 ,25.0 ,28.0 ,16 ,,19.67 ,,19.00 ,14.67 ,7
좾찟炷,2018-04-10,2018,4,10,턄,15,2,,7.0 ,6.0 ,5.57,0.557,34.0 ,22.0 ,35.0 ,31.0 ,14 ,,18.00 ,,16.00 ,13.00 ,10
좾찟炷,2018-04-10,2018,4,10,턄,15,3,,10.0 ,1.0 ,6.63,0.663,30.0 ,28.0 ,26.0 ,16.0 ,14 ,,19.33 ,,18.00 ,13.00 ,13
좾찟炷,2018-04-10,2018,4,10,턄,15,4,,20.5 ,2.0 ,9.05,0.905,44.0 ,36.0 ,36.0 ,30.0 ,16 ,,20.00 ,,19.00 ,15.00 ,12
좾찟炷,2018-04-17,2018,4,17,턄,16,1,,19.0 ,6.0 ,7.26,0.726,24.0 ,21.0 ,23.0 ,19.0 ,19 ,,20.50 ,,20.00 ,14.67,10
좾찟炷,2018-04-17,2018,4,17,턄,16,2,,13.0 ,3.0 ,7.36,0.736,32.0 ,30.0 ,25.0 ,17.0 ,17 ,,19.00 ,,18.00 ,13.00 ,10
좾찟炷,2018-04-17,2018,4,17,턄,16,3,,16.0 ,4.0 ,7.59,0.759,21.0 ,20.0 ,26.0 ,19.0 ,16 ,,20.00 ,,18.33 ,13.00 ,14
좾찟炷,2018-04-17,2018,4,17,턄,16,4,,19.0 ,1.0 ,10.02,1.002,43.0 ,36.0 ,30.0 ,28.0 ,15 ,,20.20 ,,20.00 ,15.00 ,12
좾찟炷,2018-05-01,2018,5,1,턄,18,1,,18.0 ,1.0 ,7.50 ,0.75,28.0 ,24.0 ,27.0 ,18.0 ,17,,22.00 ,,21.00 ,16.33 ,11
좾찟炷,2018-05-01,2018,5,1,턄,18,2,,28.0 ,1.0 ,11.95 ,1.195,34.0 ,31.0 ,35.0 ,30.0 ,18,,19.50 ,,18.33 ,13.00 ,6
좾찟炷,2018-05-01,2018,5,1,턄,18,3,,15.0 ,1.0 ,6.30 ,0.63,27.0 ,25.0 ,26.0 ,21.0 ,17,,21.00 ,,20.00 ,15.33 ,8
좾찟炷,2018-05-01,2018,5,1,턄,18,4,,29.0 ,2.0 ,9.85 ,0.985,41.0 ,39.0 ,43.0 ,40.0 ,20,,21.75 ,,21.00 ,15.00 ,19
좾찟炷,2018-05-08,2018,5,8,턄,19,1,,9.0 ,2.0 ,6.54,0.654,28.0 ,19.0 ,18.0 ,16.0 ,16,,22.50 ,,21.00 ,17.67,9
좾찟炷,2018-05-08,2018,5,8,턄,19,2,,21.0 ,3.0 ,10.08,1.008,30.0 ,26.0 ,20.0 ,15.0 ,18,,20.14 ,,19.67 ,14.67,6
좾찟炷,2018-05-08,2018,5,8,턄,19,3,,18.5 ,3.0 ,7.01,0.701,32.0 ,25.0 ,18.0 ,16.0 ,13,,21.00 ,,20.00 ,16.67,8
좾찟炷,2018-05-08,2018,5,8,턄,19,4,,24.0 ,2.0 ,9.58,0.958,38.0 ,31.0 ,37.0 ,34.0 ,20,,22.60 ,,22.00 ,16.00 ,19
좾찟炷,2018-05-15,2018,5,15,턄,20,1,,11.0 ,1.0 ,6.21,0.621,29.0 ,20.0 ,17.0 ,15.0 ,17,,23.20 ,,22.33 ,18.00 ,9
좾찟炷,2018-05-15,2018,5,15,턄,20,2,,22.0 ,3.0 ,9.9,0.99,31.0 ,27.0 ,22.0 ,18.0 ,18,,21.40 ,,20.33 ,15.00 ,7
좾찟炷,2018-05-15,2018,5,15,턄,20,3,,18.0 ,4.0 ,6.98,0.698,33.0 ,28.0 ,19.0 ,169.0 ,15,,21.80 ,,20.33 ,17.00 ,9
좾찟炷,2018-05-15,2018,5,15,턄,20,4,,21.0 ,2.0 ,9.45,0.945,39.0 ,30.0 ,36.0 ,31.0 ,19,,23.40 ,,22.67 ,16.33 ,20
좾찟炷,2018-05-22,2018,5,22,턄,21,1,,10.0 ,2.0 ,6.1,0.61,28.0 ,20.0 ,16.0 ,14.0 ,12,,24.33 ,,23.00 ,18.33 ,10
좾찟炷,2018-05-22,2018,5,22,턄,21,2,,19.0 ,1.5 ,9.58,0.958,30.0 ,25.0 ,21.0 ,19.0 ,12,,22.25 ,,21.00 ,15.67 ,8
좾찟炷,2018-05-22,2018,5,22,턄,21,3,,17.0 ,2.0 ,6.21,0.621,34.0 ,29.0 ,20.0 ,17.0 ,12,,22.25 ,,21.00 ,17.67 ,9
좾찟炷,2018-05-22,2018,5,22,턄,21,4,,19.0 ,3.0 ,8.99,0.899,35.0 ,31.0 ,32.0 ,29.0 ,12,,24.50 ,,23.00 ,16.67 ,19
